{"cameraMode":{"drawMode":0,"name":"Shaded","section":"Shading Mode"},"sceneLighting":true,"audioPlay":false,"sceneViewState":{"m_AlwaysRefresh":false,"showFog":true,"showSkybox":true,"showFlares":true,"showImageEffects":true,"showParticleSystems":true,"showVisualEffectGraphs":true,"m_FxEnabled":true},"in2DMode":false,"pivot":{"x":626.944580078125,"y":30.906591415405275,"z":108.13072967529297},"rotation":{"x":0.015843119472265245,"y":0.9743189215660095,"z":-0.07262170314788819,"w":0.21255917847156526},"size":0.7518188953399658,"orthographic":false}